Study ID,Reference
Aguiar 2007,"Aguiar, L., & Marinho-Filho, J. (2007). Bat frugivory in a remnant of Southeastern Brazilian Atlantic forest. Acta Chiropterologica, 9(1), 251-260."
Aguilar-Garavito 2014,"Aguilar-Garavito, M., Renjifo, L. M., & Pérez-Torres, J. (2014). Seed dispersal by bats across four successional stages of a subandean landscape. Biota Colombiana, 15(2), 87-101."
Albrecht 2013,"Albrecht, J., Bohle, V., Berens, D. G., Jaroszewicz, B., Selva, N., & Farwig, N. (2015). Variation in neighbourhood context shapes frugivore_mediated facilitation and competition among co_dispersed plant species. Journal of Ecology, 103(2), 526-536."
Andrade 2011,"Andrade, P. C., J. V. L. Mota, and A. A. F. Carvalho. 2011. Interações mutualísticas entre aves frugívoras e plantas em um fragmento urbano de Mata Atlântica, Salvador, BA. . Revista Brasileira De Ornitologia 19:63-73."
Arias-Arone 2016,"Arias Arone, E. (2016). Dieta y estructura trófica de un ensamblaje de murciélagos en un bosque montano de los andes orientales del centro del Perú. Thesis. Universidad Nacional Mayor De San Marcos, Peru."
Aribal 2016,"Aribal, L. G., Toledo-Bruno, A. G., & Jumawid, E. C. P. (2016). Ficus-frugivore interaction in the forest reserves of Central Mindanao University: its importance to forest restoration. Advances in Environmental Sciences, 8(2), 157-164."
Armesto 1987,"Armesto, J. J., Rozzi, R. I. C. A. R. D. O., Miranda, P. A. M. E. L. A., & Sabag, C. A. R. L. O. S. (1987). Plant/frugivore interactions in South American temperate forests. Revista Chilena de Historia Natural, 60(2), 321-336."
Aroca 2016,"Aroca, A. K., Hurtado, M. A., & Murillo García, O. E. (2016). Diet Preference in Frugivorous Bats (Phyllostomidae) within a Fragment of Dry Tropical Forest. Revista de Ciencias, 20(SPE), 139-146."
Athie 2009,"Athiê, S. (2009). Composição da avifauna e frugivoria por aves em um mosaico de vegetação secundária em Rio Claro, região centro-leste do estado de São Paulo. Thesis. Universidade Federal de São Carlos, Brazil."
Balasubramanian 1996,"Balasubramanian, P. (1996). Interactions between fruit-eating birds and bird-dispersed plants in the tropical dry evergreen forest of Point Calimere, South India. Journal of Bombay Natural History Society, 93, 428-441."
Bastazini 2018,"Bastazini, V. A., Debastiani, V. J., Azambuja, B. O., Guimaraes, P. R., & Pillar, V. D. (2019). Loss of generalist plant species and functional diversity decreases the robustness of a seed dispersal network. Environmental Conservation, 46(1), 52-58."
Blake 1992,"Blake, J. G., & Loiselle, B. A. (1992). Fruits in the diets of Neotropical migrant birds in Costa Rica. Biotropica, 24(2), 200-210."
Bleher 2003,"Bleher, B., Potgieter, C. J., Johnson, D. N., & Böhning-Gaese, K. (2003). The importance of figs for frugivores in a South African coastal forest. Journal of Tropical Ecology, 19(4), 375-386."
Blendinger 2015,"Blendinger, P. G., Jiménez, J., Macchi, L., Martín, E., Sánchez, M. S., & Ayup, M. M. (2015). Scale_dependent spatial match between fruits and fruit_eating birds during the breeding season in Yungas Andean forests. Biotropica, 47(6), 702-711."
Blendinger 2016,"Blendinger, P. G., Martín, E., Osinaga Acosta, O., Ruggera, R. A., & Aráoz, E. (2016). Fruit selection by A ndean forest birds: influence of fruit functional traits and their temporal variation. Biotropica, 48(5), 677-686."
Bolanos-Silva 2000,"Bolaños, T. (2000). Dieta y estructura trófica de la comunidad de Chiroptera en cuatro áreas de bosque andino en el sector sur-occidental de la sabana de Bogotá, Colombia. Thesis. Pontificia Universidad Javeriana, Colombia."
Bollen 2000,"Bollen, A. (2002). Fruit-frugivore interactions in a Malagasy littoral forest: A community-wide approach of seed dispersal. Thesis. Universitaire Instelling Antwerpen, Belgium."
Bordignon 2017,"Bordignon, M. O., & Shapiro, J. T. (2018). Bat diversity in the western Brazilian Pantanal. Mammalia, 82(3), 256-265."
Brito 2010,"Brito, J. E. C., Gazarini, J., & Zawadzki, C. H. (2010). Abundância e frugivoria da quiropterofauna (Mammalia, chiroptera) de um fragmento no noroeste do Estado do Paraná, Brasil. Acta Scientiarum. Biological Sciences, 32(3), 265-271."
Burns 2013,"Burns, K. C. (2013). What causes size coupling in fruit–frugivore interaction webs?. Ecology, 94(2), 295-300."
Camargo 2009,"Calonge Camargo, B. H. (2009). Dieta y estructura trófica del ensamblaje de murciélagos en un sistema de ganadería extensiva en remanentes de bosque seco tropical en Córdoba (Colombia). Thesis. Pontifica Universidad Javeriana, Colombia."
Carvalho 2008,"Carvalho, M. C. D. (2008). Frugivoria por morcegos em Floresta Estacional Semidecidua: dieta, riqueza de espécies e germinação de sementes após passagem pelo sistema digestivo. Thesis. Universidade Estadual Paulista ""Júlio de Mesquita Filho"", Brazil."
Casallas-Pabon 2017,"Casallas-Pabón, D., Calvo-Roa, N., & Rojas-Robles, R. (2017). Murciélagos dispersores de semillas en gradientes sucesionales de la Orinoquía (San Martín, Meta, Colombia). Acta Biológica Colombiana, 22(3), 348-358."
Castano 2009,"Castaño, J. H. (2009). Murciélagos frugívoros y plantas quiropterocoras: descubriendo la estructura de sus interacciones mutualistas en una selva semicaducifolia. Thesis. Universidad de Los Andes, Venezuela."
Castano 2018,"Castaño, J. H., Carranza, J. A., & Pérez-Torres, J. (2018). Diet and trophic structure in assemblages of montane frugivorous phyllostomid bats. Acta oecologica, 91, 81-90."
Castley 2001,"Castley, J. G., Bruton, J. S., Kerley, G. I. H., & McLachlan, A. (2001). The importance of seed dispersal in the Alexandria Coastal Dunefield, South Africa. Journal of Coastal Conservation, 7(1), 57-70."
Castro 2015,"Castro, E. R. D. (2007). Fenologia reprodutiva da palmito Euterpe edulis (Arecaceae) e sua influência na abundância de aves frugívoras na floresta Atlântica. Thesis. Universidade Estadual Paulista ""Júlio de Mesquita Filho"", Brazil."
Castro-Luna 2012,"Castro-Luna, A. A., & Galindo-González, J. (2012). Seed dispersal by phyllostomid bats in two contrasting vegetation types in a Mesoamerican reserve. Acta Chiropterologica, 14(1), 133-142."
Chama 2013,"Chama, L., Berens, D. G., Downs, C. T., & Farwig, N. (2013). Habitat characteristics of forest fragments determine specialisation of plant-frugivore networks in a mosaic forest landscape. PloS one, 8(1), e54956."
Chapman 1987,"Chapman, C. (1987). Flexibility in diets of three species of Costa Rican primates. Folia Primatologica, 49(2), 90-105."
Chapman 1996,"Chapman, C. A., & Chapman, L. J. (1996). Frugivory and the fate of dispersed and non-dispersed seeds of six African tree species. Journal of Tropical Ecology, 12(4), 491-504."
Chatterjee 2014,"Chatterjee, S., & Basu, P. (2015, December). Differential effect of fruit availability on avian frugivore guilds in a moist deciduous forest of India. In Proceedings of the Zoological Society (Vol. 68, No. 2, pp. 147-154). Springer India."
Chaves 2018,"Chaves, P. A. P. (2018). Response of avian and mammal seed dispersal networks, to human induced forest edges in a sub-humid forest. Thesis. Universidade de Lisboa, Portugal."
Chen 1999,"Chen, C., & Chou, L. (1999). The diet of forest birds at Fushan Experimental Forest. Taiwan Journal of Forest Science, 14(3), 275-287."
Chimera 2010,"Chimera, C. G., & Drake, D. R. (2010). Patterns of seed dispersal and dispersal failure in a Hawaiian dry forest having only introduced birds. Biotropica, 42(4), 493-502."
Correa 2016,"Correa, S. B., Arujo, J. K., Penha, J., Nunes da Cunha, C., Bobier, K. E., & Anderson, J. T. (2016). Stability and generalization in seed dispersal networks: a case study of frugivorous fish in Neotropical wetlands. Proceedings of the Royal Society B: Biological Sciences, 283(1837), 20161267."
Correia 2016,"Correia, M., Timóteo, S., Rodríguez_Echeverría, S., Mazars_Simon, A., & Heleno, R. (2017). Refaunation and the reinstatement of the seed_dispersal function in Gorongosa National Park. Conservation Biology, 31(1), 76-85."
Costa 2013 endozoochory,"Costa, J. M., Ramos, J. A., da Silva, L. P., Timoteo, S., Araújo, P. M., Felgueiras, M. S., ... & Heleno, R. H. (2014). Endozoochory largely outweighs epizoochory in migrating passerines. Journal of Avian Biology, 45(1), 59-64."
Costa 2016,"Costa, J. M., da Silva, L. P., Ramos, J. A., & Heleno, R. H. (2016). Sampling completeness in seed dispersal networks: when enough is enough. Basic and Applied Ecology, 17(2), 155-164."
Costa 2018 before only,"Costa, J. M., Ramos, J. A., da Silva, L. P., Timóteo, S., Andrade, P., Araújo, P. M., ... & Godinho, C. (2018). Rewiring of experimentally disturbed seed dispersal networks might lead to unexpected network configurations. Basic and Applied Ecology, 30, 11-22."
Cruz 2013,"Cruz, J. C., Ramos, J. A., Da Silva, L. P., Tenreiro, P. Q., & Heleno, R. H. (2013). Seed dispersal networks in an urban novel ecosystem. European journal of forest research, 132(5-6), 887-897."
da Silva 2015,"Ribeiro da Silva, F., Montoya, D., Furtado, R., Memmott, J., Pizo, M. A., & Rodrigues, R. R. (2015). The restoration of tropical seed dispersal networks. Restoration Ecology, 23(6), 852-860."
Daru 2015,"Daru, B. H., Yessoufou, K., Nuttman, C., & Abalaka, J. (2015). A preliminary study of bird use of fig Ficus species in Amurum Forest Reserve, Nigeria. Malimbus, 37, 1-15."
David 2011,"David, J. P., Murugan, B. S., & Mankadan, R. (2011). Frugivory by birds and mammals in Sriharikota Island, southern India. Journal of Bombay Natural History Society, 108(1), 24-40."
de la Pena 2003,"de la Peña, M. R., & Pensiero, J. F. (2003). Contribución de la flora en los hábitos alimentarios de las aves en un bosque del centro de la provincia de Santa Fe, Argentina. Ornitología Neotropical, 14, 499-513."
de Oliveira 1999,"de-Oliveira, A. M. M. (1999). Frugivoria por aves em um fragmento de floresta de restinga no Estado do Espírito Santo, Brasil. Thesis. Universidade Estadual de Campinas, Brazil."
Debussche 1989,"Debussche, M., & Isenmann, P. (1989). Fleshy fruit characters and the choices of bird and mammal seed dispersers in a Mediterranean region. Oikos, 327-338."
Dehling 2017,"Dehling, D. M., Fritz, S. A., Töpfer, T., Päckert, M., Estler, P., Böhning_Gaese, K., & Schleuning, M. (2014). Functional and phylogenetic diversity and assemblage structure of frugivorous birds along an elevational gradient in the tropical Andes. Ecography, 37(11), 1047-1055."
Dew 1998,"Dew, J. L., & Wright, P. (1998). Frugivory and Seed Dispersal by Four Species of Primates in Madagascar's Eastern Rain Forest 1. Biotropica, 30(3), 425-437."
Donatti 2011,"Donatti, C. I., Guimarães, P. R., Galetti, M., Pizo, M. A., Marquitti, F. M., & Dirzo, R. (2011). Analysis of a hyper_diverse seed dispersal network: modularity and underlying mechanisms. Ecology letters, 14(8), 773-781."
Dos Reis 1983,"Dos Reis, R. N., & Guillaumet, J. L. (1983). Les chauves-souris frugivores de la région de Manaus et leur rôle dans la dissémination des espèces végétales. Revue d'écologie."
Dowsett-Lemaire 1988,"Dowsett-Lemaire, F. (1988). Fruit choice and seed dissemination by birds and mammals in the evergreen forests of upland Malawi. Revue d'écologie."
Dubost 1984,"Dubost, G. (1984). Comparison of the diets of frugivorous forest ruminants of Gabon. Journal of Mammalogy, 65(2), 298-316."
Dupont 1997,"Dupont, É., Dulière, J. F., & Malaisse, F. (1997). Aspects de l'ornithochorie et de la germination des semences des arbustes en fruticée calcicole de Calestienne. Biotechnologie, Agronomie, Société et Environnement, 1(4), 264-271."
Elder 2013,"Elder, A. A. (2015). Competition among three primate species at Way Canguk, Sumatra, Indonesia. Thesis. Stony Brook University, USA."
Engel 2000,"Engel, T. R. (2000). Seed dispersal and forest regeneration in a tropical lowland biocoenosis (Shimba Hills, Kenya). Logos Verlag."
Erard 2007,"Erard, C., Théry, M., & Sabatier, D. (2007). Fruit characters in the diet of syntopic large frugivorous forest bird species in French Guiana. Revue d'écologie."
Estrada-Villegas 2010,"Estrada-Villega, S., Pérez-Torres, J., & Stevenson, P. R. (2010). Ensamblaje de murciélagos en un bosque subandino colombiano y análisis sobre la dieta de algunas especies. Mastozoología neotropical, 17(1), 31-41."
Fadini 2004,"Fadini, R. F. (2004). Interações entre aves frugívoras e plantas em um fragmento de mata atlântica de Minas Gerais. Ararajuba, 97-103."
Falcon 2018,"Falcón, W. (2018). Seed dispersal by chelonians: from individuals to communities. Thesis. University of Zurich, Switzerland."
Faria 1996,"Faria, D. M. D. (1996). Uso de recursos alimentares por morcegos filostomídeos fitófagos na Reserva de Santa Genebra, Campinas, São Paulo. Thesis. Universidade Estadual de Campinas, Brazil."
Faustino 2006,"Faustino, T. C., & Machado, C. G. (2006). Frugivoria por aves em uma área de campo rupestre na Chapada Diamantina, BA. Revista Brasileira de Ornitologia, 14(2), 137-143."
Fleming 1977,"Fleming, T. H., Heithaus, E. R., & Sawyer, W. B. (1977). An experimental analysis of the food location behavior of frugivorous bats. Ecology, 58(3), 619-627."
Fonseca 2007,"Fonseca, F. Y., & Antunes, A. Z. (2007). Frugivoria e predação de sementes por aves no Parque Estadual Alberto Löfgren, São Paulo, SP. Frugivory and seed predation by birds in Alberto Löfgren State Park, São Paulo, Southeast Brazil. Revista do Instituto Florestal."
Fontanari 2018,"Fontanari, V. A. (2018). Rede de interações entre aves frugívoras e plantas em áreas de floresta estacional decidual, RS. Thesis. Universidade Federal de Santa Maria Brazil."
Foresta 1984,"De Foresta, H., Charles-Dominique, P., Erard, C., & Prevost, M. F. (1984). Zoochorie et premiers stades de la régénération naturelle après coupe en forêt guyanaise. Revue d'écologie."
Fricke 2018,"Fricke, E. C., Tewksbury, J. J., & Rogers, H. S. (2018). Defaunation leads to interaction deficits, not interaction compensation, in an island seed dispersal network. Global change biology, 24(1), e190-e200."
Fuentes 1994,"Fuentes, M. (1994). Diets of fruit-eating birds: what are the causes of interspecific differences?. Oecologia, 97(1), 134-142."
Ganzhorn 1988,"Ganzhorn, J. U. (1988). Food partitioning among Malagasy primates. Oecologia, 75(3), 436-450."
Garcia 2014,"García, D., Martínez, D., Stouffer, D. B., & Tylianakis, J. M. (2014). Exotic birds increase generalization and compensate for native bird decline in plant–frugivore assemblages. Journal of Animal Ecology, 83(6), 1441-1450."
Garcia 2016,"García, D. (2016). Birds in ecological networks: insights from bird-plant mutualistic interactions. Ardeola, 63(1), 151-181."
Garcia et al. 2000,"Garcia, Q. S., Rezende, J. L., & Aguiar, L. (2000). Seed dispersal by bats in a disturbed area of Southeastern Brazil. Revista de Biologia Tropical, 48(1), 125-128."
Garcia-Estrada 2012,"García_Estrada, C., Damon, A., Sánchez_Hernández, C., Soto_Pinto, L., & Ibarra_Núñez, G. (2012). Diets of frugivorous bats in montane rain forest and coffee plantations in southeastern Chiapas, Mexico. Biotropica, 44(3), 394-401."
Garcia-Morales 2012,"Morales, R. G., Chapa-Vargas, L., Galindo-González, J., & Badano, E. I. (2012). Seed dispersal among three different vegetation communities in the Huasteca region, Mexico, analyzed from bat feces. Acta Chiropterologica, 14(2), 357-367."
Gautier-Hion 1985,"Gautier-Hion, A., Duplantier, J. M., Quris, R., Feer, F., Sourd, C., Decoux, J. P., ... & Moungazi, A. (1985). Fruit characters as a basis of fruit choice and seed dispersal in a tropical forest vertebrate community. Oecologia, 65(3), 324-337."
Genrich 2017,"Genrich, C. M., Mello, M. A., Silveira, F. A., Bronstein, J. L., & Paglia, A. P. (2017). Duality of interaction outcomes in a plant–frugivore multilayer network. Oikos, 126(3), 361-368."
Giannakos 1997,"Giannakos, P. (1997). Frugivory and seed dispersal by carnivores in the Rhodopi mountains of northern Greece. Thesis. Durham University, UK."
Githiru 2002,"Githiru, M., Lens, L., Bennur, L. A., & Ogol, C. P. K. O. (2002). Effects of site and fruit size on the composition of avian frugivore assemblages in a fragmented Afrotropical forest. Oikos, 96(2), 320-330."
Gomes 2013,"Gomes, L. A. C. (2013). Morcegos Phyllostomidae (Mammalia, Chiroptera) em um remanescente de Floresta Atlântica no sudeste do Brasil: composição de espécies, sazonalidade e frugivoria. Thesis. Universidade Federal Rural do Rio de Janeiro, Brazil."
Gonzalez-Castro 2012,"González-Castro, A., Yang, S., Nogales, M., & Carlo, T. A. (2012). What determines the temporal changes of species degree and strength in an oceanic island plant-disperser network?. PLoS One, 7(7), e41385."
Gorchov 1995,"Gorchov, D. L., Cornejo, F., Ascorra, C. F., & Jaramillo, M. (1995). Dietary overlap between frugivorous birds and bats in the Peruvian Amazon. Oikos, 235-250."
Guillotin 1994,"Guillotin, M., Dubost, G., & Sabatier, D. (1994). Food choice and food competition among the three major primate species of French Guiana. Journal of Zoology, 233(4), 551-579."
Hasui 1998,"Hasui, E., & Hofling, E. (1998). Food Preference Of The Frugivorous Birds In A Fragment Of Semideciduous Forest, Sao Paulo. Iheringia, Sér. Zool, 84, 43-64."
Hayashi 1996,"Hayashi, M. M. (1996). Morcegos frugívoros em duas áreas alteradas da Fazenda Lageado, Botucatu, Estado de São Paulo. Thesis. Universidade Estadual Paulista ""Júlio de Mesquita Filho"", Brazil."
Heithaus 1975,"Heithaus, E. R., Fleming, T. H., & Opler, P. A. (1975). Foraging patterns and resource utilization in seven species of bats in a seasonal tropical forest. Ecology, 56(4), 841-854."
Hernandez-Montero 2015,"Hernández-Montero, J. R., Saldaña-Vázquez, R. A., Galindo-González, J., & Sosa, V. J. (2015). Bat-fruit interactions are more specialized in shaded-coffee plantations than in tropical mountain cloud forest fragments. PloS one, 10(5), e0126084."
Hladik 1969,"Hladik, A., & Hladik, C. M. (1969). Rapports trophiques entre vegetation et primates dans la foret de Barro Colorado (Panama). La terre et la vie."
Hladik 1972,"Hladik, C. M., & Hladik, A. (1972). Disponibilites alimentaires et domaines vitaux des primates a Ceylan."
Hodgkison 2001,"Hodgkison, R. (2001). The ecology of fruit bats (Chiroptera: Pteropodidae) in a Malaysian lowland dipterocarp forest, with particular reference to the spotted-winged fruit bat (Balionycteris maculata, Thomas). Thesis. University of Aberdeen, UK."
Houle 2010,"Houle, A., Chapman, C. A., & Vickery, W. L. (2010). Intratree vertical variation of fruit density and the nature of contest competition in frugivores. Behavioral Ecology and Sociobiology, 64(3), 429-441."
Hovestadt 1997,"Hovestadt, T. (1997). Fruchtmerkmale, endozoochore Samenausbreitung und ihre Bedeutung für die Zusammensetzung der Pflanzengemeinschaft: Untersuchungen im Wald-Savannemosaik des Comoe-Nationalparks, Elfenbeinküste. Wiss. & Technik."
Howe 1984,"Howe, H. F. (1984). Implications of seed dispersal by animals for tropical reserve management. Biological Conservation, 30(3), 261-281."
Ikuta 2013,"Ikuta, K. G., & de Campos Martins, F. (2013). Interação entre aves frugívoras e plantas no Parque Estadual da Cantareira, estado de São Paulo."
Innis 1989,"Innis, G. J. (1989). Feeding ecology of fruit pigeons in subtropical rainforests of south-eastern Queensland. Wildlife Research, 16(4), 365-394."
Jaroszewicz 2013,"Jaroszewicz, B., Piro_nikow, E., & Sondej, I. (2013). Endozoochory by the guild of ungulates in Europe’s primeval forest. Forest ecology and management, 305, 21-28."
Jayasekara 2003,"Jayasekara, P., Takatsuki, S., Weerasinghe, U. R., & Wijesundara, S. (2003). Arboreal fruit visitors in a tropical forest in Sri Lanka. Mammal Study, 28(2), 161-165."
Jayasekara 2007,"Jayasekara, P., Weerasinghe, U. R., Wijesundara, S., & Takatsuki, S. (2007). Identifying diurnal and nocturnal frugivores in the terrestrial and arboreal layers of a tropical rain forest in Sri Lanka. Ecotropica, 13, 7-15."
Junior 2010,"Alves Junior, J. (2010). Frugivoria em morcegos (Mammalia, Chiroptera) e efeitos na germinação de sementes ingeridas. Thesis. Centro Universitário Anhanguera - Unidade Leme, Brazil."
Kalko BCI zero intx removed,"Giannini, N. P., & Kalko, E. K. (2004). Trophic structure in a large assemblage of phyllostomid bats in Panama. Oikos, 105(2), 209-220."
Kamruzzaman 2008,"Kamruzzaman, M. (2008) Seasonal variations of fruit preference among frugivorous birds in Chittagong, Bangladesh. Bangladesh Journal of Zoology. 36(2), 187-206."
Kessler-Rios 2012,"Kessler-Rios, M. M., & Kattan, G. H. (2012). Fruits of Melastomataceae: phenology in Andean forest and role as a food resource for birds. Journal of Tropical Ecology, 28(1), 11-21."
Khan 1994,"Jamal, A. (1994). Food habits of ungulates in dry tropical forests of Gir Lion Sanctuary, Gujarat, India. Acta theriol, 39, 185-193."
KITA mammals added,"Kitamura, S., Yumoto, T., Poonswad, P., Chuailua, P., Plongmai, K., Noma, N., ... & Wohandee, P. (2005). Fruit-frugivore interactions in a moist evergreen forest of Khao Yai National Park in Thailand. Tropics, 14(4), 345-355."
Kitamura 2002,"Kitamura, S., Yumoto, T., Poonswad, P., Chuailua, P., Plongmai, K., Maruhashi, T., & Noma, N. (2002). Interactions between fleshy fruits and frugivores in a tropical seasonal forest in Thailand. Oecologia, 133(4), 559-572."
Koike 2008,"Koike, S., Morimoto, H., Goto, Y., Kozakai, C., & Yamazaki, K. (2008). Frugivory of carnivores and seed dispersal of fleshy fruits in cool-temperate deciduous forests. Journal of Forest Research, 13(4), 215-222."
Kone 2008,"Koné, I., Lambert, J. E., Refisch, J., & Bakayoko, A. (2008). Primate seed dispersal and its potential role in maintaining useful tree species in the Taï region, Côte-d'Ivoire: implications for the conservation of forest fragments. Tropical Conservation Science, 1(3), 293-305."
Labbe 2011,"Labbe, M. A. (2011). Habitat use, productivity, and fruit selection of birds in early-successional habitats in western Massachusetts. Thesis. Universty of Massachusetts Amherst, USA."
Lefevre 2008,"Lefevre, K. L. (2008). The influence of human disturbance on avian frugivory and seed dispersal in a Neotropical rainforest. Thesis. University of Toronto, Canada."
Lessa 2010,"Lessa, L. G., & da Costa, F. N. (2010). Diet and seed dispersal by five marsupials (Didelphimorphia: Didelphidae) in a Brazilian cerrado reserve. Mammalian Biology, 75(1), 10-16."
Lessa 2013,"Lessa, L. G., Geise, L., & Costa, F. N. (2013). Effects of gut passage on the germination of seeds ingested by didelphid marsupials in a neotropical savanna. Acta Botanica Brasilica, 27(3), 519-525."
Lima 2016,"Lima, I. P., Nogueira, M. R., Monteiro, L. R., & Peracchi, A. L. (2016). Frugivoria e dispersão de sementes por morcegos na Reserva Natural Vale, sudeste do Brasil. Floresta Atlântica de Tabuleiro: diversidade e endemismo na Reserva Natural Vale. The Nature Conservancy, Symbiosis & Amplo, Belo Horizonte, 433-452."
Llewellyn 1952,"Llewellyn, L. M., & Uhler, F. M. (1952). The foods of fur animals of the Patuxent Research Refuge, Maryland. American Midland Naturalist, 193-203."
Loayza 2006,"Loayza, A. P., Rios, R. S., & Larrea Alcázar, D. M. (2006). Disponibilidad de recurso y dieta de murciélagos frugívoros en la Estación Biológica Tunquini, Bolivia. Ecología en Bolivia, 41(1), 7-23."
Lopez & Vaughn 2004,"Lopez, J. E., & Vaughan, C. (2004). Observations on the role of frugivorous bats as seed dispersers in Costa Rican secondary humid forests. Acta Chiropterologica, 6(1), 111-119."
Lopez-Bao 2015,"López-Bao, J. V., González-Varo, J. P., & Guitián, J. (2015). Mutualistic relationships under landscape change: Carnivorous mammals and plants after 30 years of land abandonment. Basic and Applied Ecology, 16(2), 152-161."
Lou 2005,"Lou, S., & Yurrita, C. L. (2005). Análisis de nicho alimentario en la comunidad de murciélagos frugívoros de Yaxhá, Petén, Guatemala. Acta zoológica mexicana, 21(1), 83-94."
Lou 2007,"Lou, S. (2007). Dinámica de dispersión de murciélagos frugívoros en el paisaje fragmentado del Biotopo Chocón Machacas, Livingston, Izabal. Informe del Proyecto FODECYT, (21-03), 01-62."
Lozano-Rios 2013,"Castaño, J. H., Carranza, J. A., & Pérez-Torres, J. (2018). Diet and trophic structure in assemblages of montane frugivorous phyllostomid bats. Acta oecologica, 91, 81-90."
M_SD_001,"Baird, J. W. (1980). The selection and use of fruit by birds in an eastern forest. The Wilson Bulletin, 63-73."
M_SD_002,"Beehler, B. (1983). Frugivory and polygamy in birds of paradise. The Auk, 100(1), 1-12."
M_SD_003,"Carlo, T. A., Collazo, J. A., & Groom, M. J. (2003). Avian fruit preferences across a Puerto Rican forested landscape: pattern consistency and implications for seed removal. Oecologia, 134(1), 119-131."
M_SD_004,"Carlo, T. A., Collazo, J. A., & Groom, M. J. (2003). Avian fruit preferences across a Puerto Rican forested landscape: pattern consistency and implications for seed removal. Oecologia, 134(1), 119-131."
M_SD_005,"Carlo, T. A., Collazo, J. A., & Groom, M. J. (2003). Avian fruit preferences across a Puerto Rican forested landscape: pattern consistency and implications for seed removal. Oecologia, 134(1), 119-131."
M_SD_006,"Carlo, T. A., Collazo, J. A., & Groom, M. J. (2003). Avian fruit preferences across a Puerto Rican forested landscape: pattern consistency and implications for seed removal. Oecologia, 134(1), 119-131."
M_SD_007,"Crome, F. H. J. (1975). The ecology of fruit pigeons in tropical Northern Queensland. Wildlife Research, 2(2), 155-185."
M_SD_008,"Frost, P. G. H. (1980). Fruit-frugivore interactions in a South African coastal dune forest. Acta XVII Congressus Internationalis Ornithologici, 2, 71-1184."
M_SD_009,"Galetti, M., & Pizo, M. A. (1996). Fruit eating by birds in a forest fragment in southeastern Brazil. Ararajuba, 4(2), 71-79."
M_SD_010,"Snow, B. K., & Snow, D. W. (1971). The feeding ecology of tanagers and honeycreepers in Trinidad. The Auk, 88(2), 291-322."
M_SD_012,"Galetti, M., & Pizo, M. A. (1996). Fruit eating by birds in a forest fragment in southeastern Brazil. Ararajuba, 4(2), 71-79."
M_SD_013,"Hamann, A., & Curio, E. (1999). Interactions among frugivores and fleshy fruit trees in a Philippine submontane rainforest. Conservation Biology, 13(4), 766-773."
M_SD_014,"Jordano, P. (1985) El ciclo anual de los paseriformes frugívoros en el matorral mediterráneo del sur de España: importancia de su invernada y variaciones interanuales. Ardeola, 32, 69-94."
M_SD_015,"Kantak, G. E. (1979). Observations on some fruit-eating birds in Mexico. The Auk, 96(1), 183-186."
M_SD_016,"Lambert, F. (1989). Fig-eating by birds in a Malaysian lowland rain forest. Journal of Tropical Ecology, 5(4), 401-412."
M_SD_017,"Tutin, C. E., Ham, R. M., White, L. J., & Harrison, M. J. (1997). The primate community of the Lopé Reserve, Gabon: diets, responses to fruit scarcity, and effects on biomass. American Journal of Primatology, 42(1), 1-24."
M_SD_018,"Mack, A. L., & Wright, D. D. (1996). Notes on occurrence and feeding of birds at Crater Mountain biological research station, Papua New Guinea. Emu, 96(2), 89-101."
M_SD_019,"Wheelwright, N. T., Haber, W. A., Murray, K. G., & Guindon, C. (1984). Tropical fruit-eating birds and their food plants: a survey of a Costa Rican lower montane forest. Biotropica, 173-192."
M_SD_020,"Jordano, P., unpubl."
M_SD_021,"Jordano, P., unpubl."
M_SD_022,"Silva, W.R., P. De Marco, E. Hasui, and V.S.M. Gomes (2002) Patterns of fruit-frugivores interactions in two Atlantic Forest bird communities of South-eastern Brazil: implications for conservation. Pp. 423-435. In: D.J. Levey, W.R. Silva and M. Galetti (eds.) Seed dispersal and frugivory: ecology, evolution and conservation. Wallinford: CAB International."
M_SD_024,"Guitián, J. (1983). Relaciones entre los frutos y los passeriformes en un bosque montano de la cordillera cantábrica occidental. Thesis. Universidad de Santiago de Compostela, Spain."
M_SD_026,"Data unpublished, however see Jordano, P. (1993). Geographical ecology and variation of plant-seed disperser interactions: southern Spanish junipers and frugivorous thrushes. Vegetatio, 107(1), 85-104."
M_SD_027,"Data unpublished, however see Jordano, P. (1993). Geographical ecology and variation of plant-seed disperser interactions: southern Spanish junipers and frugivorous thrushes. Vegetatio, 107(1), 85-104."
M_SD_028,"Data unpublished, however see Jordano, P. (1993). Geographical ecology and variation of plant-seed disperser interactions: southern Spanish junipers and frugivorous thrushes. Vegetatio, 107(1), 85-104."
M_SD_029,"Data unpublished, however see Jordano, P. (1993). Geographical ecology and variation of plant-seed disperser interactions: southern Spanish junipers and frugivorous thrushes. Vegetatio, 107(1), 85-104."
M_SD_030,"Data unpublished, however see Jordano, P. (1993). Geographical ecology and variation of plant-seed disperser interactions: southern Spanish junipers and frugivorous thrushes. Vegetatio, 107(1), 85-104."
M_SD_031,"Heleno, R. H., Ramos, J. A., & Memmott, J. (2013). Integration of exotic seeds into an Azorean seed dispersal network. Biological Invasions, 15(5), 1143-1154."
M_SD_032,"Poulin, B., Wright, S. J., Lefebvre, G., & Calderon, O. (1999). Interspecific synchrony and asynchrony in the fruiting phenologies of congeneric bird-dispersed plants in Panama. Journal of Tropical Ecology, 15(2), 213-227."
M_SD_033,"Poulin, B., Wright, S. J., Lefebvre, G., & Calderon, O. (1999). Interspecific synchrony and asynchrony in the fruiting phenologies of congeneric bird-dispersed plants in Panama. Journal of Tropical Ecology, 15(2), 213-227."
M_SD_034,"Schleuning, M., Blüthgen, N., Flörchinger, M., Braun, J., Schaefer, H. M., & Böhning-Gaese, K. (2011). Specialization and interaction strength in a tropical plant–frugivore network differ among forest strata. Ecology, 92(1), 26-36."
MacFarlane 2016,"MacFarlane, A. E., Kelly, D., & Briskie, J. V. (2016). Introduced blackbirds and song thrushes: useful substitutes for lost mid-sized native frugivores, or weed vectors?. New Zealand Journal of Ecology, 40(1), 80-87."
Machado-de-Souza 2019,"Machado-de-Souza, T., Campos, R. P., Devoto, M., & Varassin, I. G. (2019). Local drivers of the structure of a tropical bird-seed dispersal network. Oecologia, 189(2), 421-433."
Mackinnon 1980,"MacKinnon, J. R. (1978). Comparative feeding ecology of six sympatric primates in West Malaysia. Recent advances in primatology, 305-321."
Maguina 2012,"Maguiña, R., Amanzo, J., & Huamán, L. (2012). Dieta de murciélagos filostómidos del valle de Kosñipata, San Pedro, Cusco-Perú. Revista peruana de biología, 19(2), 159-166."
Malacco da Silva 2014,"Silva, G. D., & Pedroni, F. (2014). Frugivoria por aves em área de cerrado no município de Uberlândia, Minas Gerais..[Frugivory by birds in cerrado in the city of Uberlândia, Minas Gerais.]. Revista árvore-Sociedade de Investigaçoes Florestais (Viçosa-Brasil).(, 38(3), 433-442."
Malmborg 1988,"Malmborg, P. K., & Willson, M. F. (1988). Foraging ecology of avian frugivores and some consequences for seed dispersal in an Illinois woodlot. The Condor, 90(1), 173-186."
Mancina 2007,"Mancina, C. A., García-Rivera, L., & Capote, R. T. (2007). Habitat use by phyllostomid bat assemblages in secondary forests of the'Sierra del Rosario'Biosphere Reserve, Cuba. Acta Chiropterologica, 9(1), 203-218."
Marcos da Silva 2013,"Silva, A. M. D. (2013). Sobreposição em assembleias de aves frugívoras e dispersão de sementes no cerrado Sensu stricto. Thesis. Universidade Federal de Uberlandia, Brazil."
Matias 2010,"Matías, L., Zamora, R., Mendoza, I., & Hódar, J. A. (2010). Seed dispersal patterns by large frugivorous mammals in a degraded mosaic landscape. Restoration Ecology, 18(5), 619-627."
Mello 2014,"Mello, R. D. M., Nobre, P. H., Manhaes, M. A., & Pereira, L. C. (2014). Frugivory by Phyllostomidae bats in a montane Atlantic Forest, southeastern Minas Gerais, Brazil. Ecotropica, 20(1-2), 65-73."
Menke 2012,"Menke, S., Böhning_Gaese, K., & Schleuning, M. (2012). Plant–frugivore networks are less specialized and more robust at forest–farmland edges than in the interior of a tropical forest. Oikos, 121(10), 1553-1566."
Mikich 2002,"Mikich, S. B. (2002). A dieta dos morcegos frugívoros (Mammalia, Chiroptera, Phyllostomidade) de um pequeno remanescente de Floresta Estacional Semidecidual do Sul do Brasil. Revta bras. Zool, 19(1), 239-249."
Milton 2001,"Milton, S. J., & Dean, W. R. J. (2001). Seeds dispersed in dung of insectivores and herbivores in semi-arid southern Africa. Journal of Arid Environments, 47(4), 465-483."
Mokotjomela 2013,"Mokotjomela, T. M., Musil, C. F., & Esler, K. J. (2013). Frugivorous birds visit fruits of emerging alien shrub species more frequently than those of native shrub species in the South African Mediterranean climate region. South African Journal of Botany, 86, 73-78."
Montalvan 2015,"Montalván, A., & Giannina, N. (2015). Plantas alimenticias usadas por mamíferos mayores en la cuenca alta del río Itaya, Loreto, Perú. Thesis. Universidad Nacional de la Amazonía Peruana."
Moraes Weber 2011,"de Moraes Weber, M., de Arruda, J. L. S., Azambuja, B. O., Camilotti, V. L., & Cáceres, N. C. (2011). Resources partitioning in a fruit bat community of the southern Atlantic Forest, Brazil. Mammalia, 75(3), 217-225."
Moreno-Mosquera 2011,"Moreno, E. A. (2011). Papel de los Murciélagos Frugívoros Como Dispersores de Semillas en la Reserva Forestal Natural de Yotoco, Municipio de Yotoco, Colombia. Thesis. Universidad Nacional de Colombia, Colombia."
Munin 2012,"Munin, R. L., Fischer, E., & Gonçalves, F. (2012). Food habits and dietary overlap in a phyllostomid bat assemblage in the Pantanal of Brazil. Acta Chiropterologica, 14(1), 195-204."
Munster 2008,"Munster, L. C. (2008). Dieta de morcegos frugívoros (Chiroptera, Phyllostomidae) na Reserva Natural do Salto Morato. Thesis. Universidade Federal do Paraná."
Nogales 2017,"Passos, F. C., Silva, W. R., Pedro, W. A., & Bonin, M. R. (2003). Frugivoria em morcegos (Mammalia, Chiroptera) no Parque Estadual intervales, sudeste do Brasil. Revista Brasileira de Zoologia."
Noma 1997,"Noma, N., & Yumoto, T. (1997). Fruiting phenology of animal_dispersed plants in response to winter migration of frugivores in a warm temperate forest on Yakushima Island, Japan. Ecological Research, 12(2), 119-129."
Novoa 2011,"Novoa, S., Cadenillas, R., & Pacheco, V. (2011). Dispersión de semillas por murciélagos frugívoros en bosques del Parque Nacional Cerros de Amotape, Tumbes, Perú. Mastozoología neotropical, 18(1), 81-93."
Odonnell 1994,"O'Donnell, C. F., & Dilks, P. J. (1994). Foods and foraging of forest birds in temperate rainforest, South Westland, New Zealand. New Zealand Journal of Ecology, 18(2), 87-107."
Olea-Wagner 2007,"Olea-Wagner, A., Lorenzo, C., Naranjo, E., Ortiz, D., & León-Paniagua, L. (2007). Diversidad de frutos que consumen tres especies de murciélagos (Chiroptera: Phyllostomidae) en la selva lacandona, Chiapas, México. Revista mexicana de biodiversidad, 78(1), 191-200."
Olesen 2018,"Olesen, J. M., Damgaard, C. F., Fuster, F., Heleno, R. H., Nogales, M., Rumeu, B., ... & Traveset, A. (2018). Disclosing the double mutualist role of birds on Galápagos. Scientific reports, 8(1), 57."
Ortiz-Pulido 2000,"Ortiz_Pulido, R., Laborde, J., & Guevara, S. (2000). Frugivoría por Aves en un Paisaje Fragmentado: Consecuencias en la Dispersión de Semillas 1. Biotropica, 32(3), 473-488."
Palacios 2016,"Palacio, R. D., Valderrama_Ardila, C., & Kattan, G. H. (2016). Generalist species have a central role in a highly diverse plant–frugivore network. Biotropica, 48(3), 349-355."
Palita 2011,"Palita, S. K., Ponkshe, A. V., & Dhar, U. (2011). Habitat enrichment and its impact on avian diversity: a study at GBPIHED, Kosi-Katarmal, Uttarakhand, India. Current Science, 100(11), 1681."
Palmeirim 1989,"Palmeirim, J. M., Gorchoy, D. L., & Stoleson, S. (1989). Trophic structure of a neotropical frugivore community: is there competition between birds and bats?. Oecologia, 79(3), 403-411."
Passos 2003,"Passos, F. C., Silva, W. R., Pedro, W. A., & Bonin, M. R. (2003). Frugivoria em morcegos (Mammalia, Chiroptera) no Parque Estadual intervales, sudeste do Brasil. Revista Brasileira de Zoologia."
Pedro 1992,"Pedro, W. A. (1992). Estrutura de uma taxocenose de morcegos da Reserva do Panga (Uberlândia, MG), com ênfase nas relações tróficas em Phyllostomidae (Mammalia: Chiroptera). Thesis. Universidade Estadual de Campinas, Brazil."
Pejchar 2015,"Pejchar, L. (2015). Introduced birds incompletely replace seed dispersal by a native frugivore. AoB Plants, 7."
Peredo 2013,"Peredo, A., Martínez, D., Rodríguez-Pérez, J., & García, D. (2013). Mammalian seed dispersal in Cantabrian woodland pastures: network structure and response to forest loss. Basic and Applied Ecology, 14(5), 378-386."
Perez-Torres 2004,"Pérez-Torres, J. A. I. R. O. (2004). Dinámica del ensamblaje de murciélagos en respuesta a la fragmentación en bosques nublados: un modelo de ecuaciones estructurales. Thesis. Pontificia Universidad Javeriana, Colombia."
Plein 2013,"Plein, M., Längsfeld, L., Neuschulz, E. L., Schultheiß, C., Ingmann, L., Töpfer, T., ... & Schleuning, M. (2013). Constant properties of plant–frugivore networks despite fluctuations in fruit and bird communities in space and time. Ecology, 94(6), 1296-1306."
Poulsen 2001 2002 primates,"Poulsen, J. R., Clark, C. J., & Smith, T. B. (2001). Seed dispersal by a diurnal primate community in the Dja Reserve, Cameroon. Journal of Tropical Ecology, 17(6), 787-808."
Prather 2000,"Prather, J. W., Smith, K. G., Mlodinow, M. A., & Riley, C. M. (2000). Characteristics of some fruiting plant species in northwest Arkansas, and the avian assemblages that feed on them. Journal of the Arkansas Academy of Science, 54(1), 103-108."
Pratt 1985,"Pratt, T. K., & Stiles, E. W. (1985). The influence of fruit size and structure on composition of frugivore assemblages in New Guinea. Biotropica, 314-321."
Preciado-Benitez 2015,"Preciado-Benítez, O., Gomez y Gomez, B., Navarrete-Gutiérrez, D. A., & Horváth, A. (2015). The use of commercial fruits as attraction agents may increase the seed dispersal by bats to degraded areas in Southern Mexico. Tropical Conservation Science, 8(2), 301-317."
Purificacao 2014,"Purificação, K. N., Pascotto, M. C., Pedroni, F., Pereira, J. M. N., & Lima, N. A. (2014). Interactions between frugivorous birds and plants in savanna and forest formations of the Cerrado. Biota Neotropica, 14(4)."
Quijano-Vasquez 2017,"Vásquez, Q., & Junior, K. J. (2017). Dispersión de semillas por murciélagos frugívoros en el Parque Nacional Montecristo, El Salvador. Thesis. Universidad de El Salvador, El Salvador."
Quitian 2018,"Quitián, M., Santillán, V., Bender, I. M., Espinosa, C. I., Homeier, J., Böhning_Gaese, K., ... & Lena Neuschulz, E. (2019). Functional responses of avian frugivores to variation in fruit resources between natural and fragmented forests. Functional Ecology, 33(3), 399-410."
Ramaswami 2017,"Ramaswami, G., Somnath, P., & Quader, S. (2017). Plant-disperser mutualisms in a semi-arid habitat invaded by Lantana camara L. Plant Ecology, 218(8), 935-946."
Ramos-Robles 2016,"Ramos-Robles, M., Andresen, E., & Díaz-Castelazo, C. (2016). Temporal changes in the structure of a plant-frugivore network are influenced by bird migration and fruit availability. PeerJ, 4, e2048."
Ramos-Robles 2018,"Ramos-Robles, M., Dáttilo, W., Díaz-Castelazo, C., & Andresen, E. (2018). Fruit traits and temporal abundance shape plant-frugivore interaction networks in a seasonal tropical forest. The Science of Nature, 105(3-4), 29."
Razafindratsima 2013,"Razafindratsima, O. H., Jones, T. A., & Dunham, A. E. (2014). Patterns of movement and seed dispersal by three lemur species. American Journal of Primatology, 76(1), 84-96."
Reid 2011,"Reid, S., & Armesto, J. J. (2011). Interaction dynamics of avian frugivores and plants in a Chilean Mediterranean shrubland. Journal of arid environments, 75(3), 221-230."
Rios-Blanco 2015,"Ríos-Blanco, M. C., & Pérez-Torres, J. (2015). Dieta de las especies dominantes del ensamblaje de murciélagos frugívoros en un bosque seco tropical (Colombia). Mastozoología neotropical, 22(1), 103-111."
Robinson 2015,"Robinson, V. (2015). Índice de importância de diferentes espécies de plantas na atração de aves para uma área reflorestada em Piracicaba. Thesis. Universidade Estadual Paulista ""Júlio de Mesquita Filho"", Brazil."
Rosalino 2010,"Rosalino, L. M., Rosa, S., & Santos-Reis, M. (2010, June). The role of carnivores as Mediterranean seed dispersers. In Annales Zoologici Fennici (Vol. 47, No. 3, pp. 195-206). Finnish Zoological and Botanical Publishing Board."
Rost 2012,"Rost, J., Pons, P., & Bas, J. M. (2012). Seed dispersal by carnivorous mammals into burnt forests: an opportunity for non-indigenous and cultivated plant species. Basic and Applied Ecology, 13(7), 623-630."
Rozzi 1996,"Rozzi, R., Armesto, J. J., Correa, A., Torres-Mura, J. C., & Sallaberry, M. (1996). Avifauna de bosques primarios templados en islas deshabitadas del archipiélago de Chiloé, Chile. Revista Chilena de Historia Natural, 69, 125-139."
Ruggera 2016,"Ruggera, R. A., Blendinger, P. G., Gomez, M. D., & Marshak, C. (2016). Linking structure and functionality in mutualistic networks: do core frugivores disperse more seeds than peripheral species?. Oikos, 125(4), 541-555."
SAAV,"Saavedra, F., Hensen, I., Beck, S. G., Böhning-Gaese, K., Lippok, D., Töpfer, T., & Schleuning, M. (2014). Functional importance of avian seed dispersers changes in response to human-induced forest edges in tropical seed-dispersal networks. Oecologia, 176(3), 837-848."
Saldana-Vasquez 2010,"Saldana-Vázquez, R. A., Sosa, V. J., Hernández-Montero, J. R., & López-Barrera, F. (2010). Abundance responses of frugivorous bats (Stenodermatinae) to coffee cultivation and selective logging practices in mountainous central Veracruz, Mexico. Biodiversity and Conservation, 19(7), 2111-2124."
Sanchez 2012,"Sánchez, M. S., Giannini, N. P., & Barquez, R. M. (2012). Bat frugivory in two subtropical rain forests of Northern Argentina: Testing hypotheses of fruit selection in the Neotropics. Mammalian Biology, 77(1), 22-31."
Sanitjan 2009,"Sanitjan, S., & Chen, J. (2009). Habitat and fig characteristics influence the bird assemblage and network properties of fig trees from Xishuangbanna, South-West China. Journal of Tropical Ecology, 25(2), 161-170."
Sankamethawee 2011,"Sankamethawee, W., Pierce, A. J., Gale, G. A., & Hardesty, B. D. (2011). Plant_frugivore interactions in an intact tropical forest in north_east Thailand. Integrative Zoology, 6(3), 195-212."
Santiago 2014,"Del Valle, M. T. S. (2014). Dispersión de semillas por quirópteros en hualares de la zona Uxpanapa, Veracruz, México. Thesis. Universidad Veracruzana, México."
SARM whole network from paper,"Sarmento, R., Alves-Costa, C. P., Ayub, A., & Mello, M. A. (2014). Partitioning of seed dispersal services between birds and bats in a fragment of the Brazilian Atlantic Forest. Zoologia (Curitiba), 31(3), 245-255."
Scherer 2007,"Scherer, A., Maraschin-Silva, F., & Baptista, L. D. M. (2007). Padrões de interações mutualísticas entre espécies arbóreas e aves frugívoras em uma comunidade de Restinga no Parque Estadual de Itapuã, RS, Brasil. Acta Botanica Brasilica, 21(1), 203-212."
Sethi 2012,"Sethi, P., & Howe, H. F. (2012). Fruit removal by hornbills in a semi-evergreen forest of the Indian Eastern Himalaya. Journal of Tropical Ecology, 28(6), 531-541."
Shilton 2009,"Shilton, L. A., & Whittaker, R. H. (2009). The role of pteropodid bats in re-establishing tropical forests on Krakatau. Island Bats: Evolution, Ecology, and Conservation., 176-215."
Silva Oliveira 2018,"Oliveira, T. D. S. (2018). Ecologia alimentar de morcegos frugívoros em uma área de restinga do nordeste do Brasil e comportamento germinativo de espécies pioneiras após passagem pelo sistema digestório. Thesis. Universidade Federal de Sergipe, Brazil."
Silveira 2006,"Silveira. M. (2006) Dispersão de sementes por morcegos frugívoros em uma área em processo de restauração vegetal na RPPN Parque Florestal São Marcelo Mogi-Guaçu SP. Thesis. Universidade Estadual de São Paulo, Brazil."
Simmen 1996,"Simmen, B., & Sabatier, D. (1996). Diets of some French Guianan primates: food composition and food choices. International Journal of Primatology, 17(5), 661-693."
Skeate 1985,"Skeate, S. T. (1985). Mutualistic interactions between birds and fruits in a northern Florida hammock community. Thesis. University of Florida, USA."
Skutch 1980,"Skutch, A. F. (1980). Arils as food of tropical American birds. The Condor, 82(1), 31-42."
Snow 1988,"Snow, B., & Snow, D. (1988). Birds and berries. A&C Black."
Sorensen 1981,"Sorensen, A. E. (1981). Interactions between birds and fruit in a temperate woodland. Oecologia, 50(2), 242-249."
Souza Gomes 2008,"Gomes, A. D. L. S. (2008). Interação mutualística entre aves frugívoras de sub-bosque e plantas no Parque Ecológico de Gunma, Santa Bárbara do Pará. Thesis. Universidade Federal do Pará, Brazil."
Souza Laurindo 2017,"de Souza Laurindo, R., Gregorin, R., & Tavares, D. C. (2017). Effects of biotic and abiotic factors on the temporal dynamic of bat-fruit interactions. Acta Oecologica, 83, 38-47."
Spotswood 2012,"Spotswood, E. N., Meyer, J. Y., & Bartolome, J. W. (2012). An invasive tree alters the structure of seed dispersal networks between birds and plants in French Polynesia. Journal of Biogeography, 39(11), 2007-2020."
Stevenson 2015,"Stevenson, P. R., Link, A., González-Caro, S., & Torres-Jiménez, M. F. (2015). Frugivory in canopy plants in a western Amazonian forest: dispersal systems, phylogenetic ensembles and keystone plants. PloS one, 10(10), e0140751."
Stiebel 2008,"Stiebel, H., & Bairlein, F. (2008). Frugivorie mitteleuropäischer Vögel I: Nahrung und Nahrungserwerb. Vogelwarte, 46, 1-23."
Suarez-Castro 2015,"Suárez-Castro, A. F., & Montenegro, O. L. (2015). Consumo de plantas pioneras por murciélagos frugívoros en una localidad de la Orinoquía Colombiana. Mastozoología neotropical, 22(1), 125-139."
Sudhakaran 2012,"Sudhakaran, M. R., & Doss, P. S. (2012). Food and foraging preferences of three pteropodid bats in southern India. Journal of Threatened Taxa, 2295-2303."
Sun 1997,"Sun, C., & Moermond, T. C. (1997). Foraging ecology of three sympatric turacos in a montane forest in Rwanda. The Auk, 396-404."
Suzuki 2007,"Suzuki, S., Kitamura, S., Kon, M., Poonswad, P., Chuailua, P., Plongmai, K., ... & Wohandee, P. (2007). Fruit visitation patterns of small mammals on the forest floor in a tropical seasonal forest of Thailand. Tropics, 16(1), 17-29."
Tavares 2007,"Tavares, V. C., Perini, F. A., & Lombardi, J. A. (2007). The bat communities (Chiroptera) of the Parque Estadual do Rio Doce, a large remnant of Atlantic Forest in southeastern Brazil. Lundiana, 8(1), 35-47."
Toledo 2018,"Toledo, C. D. (2018). Frugivoria e dispersão de sementes por aves em uma área urbanizada. Thesis. Universidade Estadual Paulista ""Júlio de Mesquita Filho"", Brazil."
Traveset 1992,"Traveset, A. (1992). Resultats preliminars sobre el consum de fruits per ocells a l'illa de Cabrera (Illes Balears). Anuari Ornitològic de les Balears: revista d'observació estudi i conservació dels aucells, (7), 3-10."
Ungar 1995,"Ungar, P. S. (1995). Fruit preferences of four sympatric primate species at Ketambe, Northern Sumatra, Indonesia. International Journal of Primatology, 16(2), 221-245."
Velazquez 2010,"Moreno Velázquez, J. S. (2010). Aves dispersoras de semillas en un remanente de bosque seco tropical en la finca Betanci-Gucamayas (Córdoba). Thesis. Pontificia Universidad Javeriana, Colombia."
VELHO,"Velho, N., Ratnam, J., Srinivasan, U., & Sankaran, M. (2012). Shifts in community structure of tropical trees and avian frugivores in forests recovering from past logging. Biological conservation, 153, 32-40."
Villate Suarez 2017,"Villate Suárez, C. A. (2017). Las perchas para aves como estrategia de restauración ecológica, su influencia sobre la dispersión de semillas y reclutamiento de plántulas en la microcuenca del río La Vega, Tunja-Boyacá."
Vizentin-Bugoni 2019,"Vizentin-Bugoni, J., Tarwater, C. E., Foster, J. T., Drake, D. R., Gleditsch, J. M., Hruska, A. M., ... & Sperry, J. H. (2019). Structure, spatial dynamics, and stability of novel seed dispersal mutualistic networks in Hawai_i. Science, 364(6435), 78-82."
Vleut 2015,"Vleut, I., Galindo_González, J., de Boer, W. F., Levy_Tacher, S. I., & Vazquez, L. B. (2015). Niche differentiation and its relationship with food abundance and vegetation complexity in four frugivorous bat species in Southern Mexico. Biotropica, 47(5), 606-615."
Walther 2018,"Walther, B. A., Geier, J., Chou, L. S., & Bain, A. (2018). The figs of winter: Seasonal importance of fruiting fig trees (Ficus: Moraceae) for urban birds. Acta Oecologica, 90, 28-34."
Williams 1996,"Williams, P. A., & Karl, B. J. (1996). Fleshy fruits of indigenous and adventive plants in the diet of birds in forest remnants, Nelson, New Zealand. New Zealand Journal of Ecology, 127-145."
Wilms 2006,"Wilms, J. J. A. M., & Kappelle, M. (2006). Frugivorous birds, habitat preference and seed dispersal in a fragmented Costa Rican montane oak forest landscape. In Ecology and conservation of neotropical montane oak forests (pp. 309-324). Springer, Berlin, Heidelberg."
Wolfe 2014,"Wolfe, J. D., Johnson, M. D., & Ralph, C. J. (2014). Do birds select habitat or food resources? Nearctic-Neotropic migrants in northeastern Costa Rica. PloS one, 9(1), e86221."
Wood 1954,"Wood, J. E. (1954). Food habits of furbearers of the upland post oak region in Texas. Journal of Mammalogy, 35(3), 406-415."
Wyman 2017,"Wyman, T. E., & Kelly, D. (2017). Quantifying seed dispersal by birds and possums in a lowland New Zealand forest. New Zealand journal of ecology, 41(1), 47-55."
Yasuda 2005,"Yasuda, M., Miura, S., Ishii, N., Okuda, T., & Hussein, N. A. (2005). Fallen fruits and terrestrial vertebrate frugivores: a case study in a lowland tropical rain forest in Peninsular Malaysia. Seed fate: predation, dispersal and seedling establishment, 151-174."
Young 2012,"Young, L. M. (2012). Seed dispersal mutualisms and plant regeneration in New Zealand alpine ecosystems. Thesis. University of Cantebury, New Zealand."
Zamora-Delgado 2008,"Zamora Delgado, J. L. (2008). Dispersión de semillas por aves y murciélagos frugívoros en claros naturales del bosque montano en la estribación suroriental de los Andes del Ecuador. Thesis. Universidad del Azuay, Ecuador."
Zapata-Mesa 2017,"Zapata-Mesa, N., Montoya-Bustamante, S., & Murillo-García, O. E. (2017). Temporal variation in bat-fruit interactions: Foraging strategies influence network structure over time. Acta Oecologica, 85, 9-17."